,,Health01,Health02,Health03,Health04,Health05,Health06
SUP2,21-45,0.0606892,0.0562231,0.0534162,0.0528459,0.0586871,0.0426149
SUP3,41-65,0.0755192,0.062098,0.0815624,0.0700792,0.0599896,0.0694659
SUP4,61-85,0.0819707,0.0626096,0.0737424,0.0595509,0.0466102,0.0469261
SUP5,81-105,0.0540731,0.0581178,0.0570883,0.0677108,0.0589235,0.0691477
SUP9,161-185,0.0667897,0.0580679,0.0530765,0.0601387,0.045644,0.0492581
SUP10,181-205,0.0478313,0.0554994,0.0517503,0.0537379,0.0727094,0.0549976
SUP11,201-225,0.0646287,0.0714151,0.0674688,0.0804009,0.0514976,0.0608059
SUP12,221-245,0.0552841,0.0473037,0.0476763,0.0533327,0.044466,0.0418406
SUP13,241-265,0.0654315,0.065295,0.0599798,0.0785106,0.052255,0.0498247
SUP14,261-285,0.0523833,0.0465723,0.0445482,0.0563837,0.0413835,0.0380825
SUP15,281-305,0.0611889,0.060529,0.0621208,0.0663895,0.0681924,0.0441923
SUP16,301-325,0.0964752,0.0993345,0.0937165,0.0687182,0.0716929,0.0768712
SUP17,321-341,0.0814528,0.0536427,0.0773881,0.0667102,0.0508473,0.0452597
SRBD1,330-349,0.0664086,0.0651194,0.0546502,0.0606334,0.0492035,0.0558429
SRBD2,345-364,0.0844981,0.0925986,0.0720862,0.0931609,0.0792195,0.0585861
SRBD4,375-394,0.0653304,0.121073,0.106014,0.0613456,0.046768,0.0817294
SRBD5,390-409,0.0710067,0.07699,0.0738432,0.0597775,0.0486671,0.0424185
SRBD6,405-424,0.0633471,0.0598135,0.0556001,0.0595554,0.045559,0.0434222
SRBD7,420-439,0.0600728,0.0711336,0.0479213,0.0489155,0.0529503,0.0480922
SRBD8,435-454,0.0734841,0.0626312,0.0740695,0.0676995,0.0540626,0.041888
SRBD9,450-469,0.0528637,0.0478008,0.050678,0.0481729,0.0478101,0.0446368
SRBD10,465-484,0.0736453,0.0636356,0.0647112,0.0624021,0.0518641,0.0430589
SRBD11,480-499,0.0718523,0.0551173,0.0667095,0.0765788,0.0646451,0.0540263
SRBD12,495-514,0.0676222,0.0708221,0.074582,0.0730023,0.062088,0.0467211
SRBD13,510-521,0.0580656,0.0502506,0.0739826,0.0546098,0.0636179,0.0601053
SDP1,522-546,0.0868063,0.0857912,0.0810092,0.0678994,0.0631385,0.07692892
SDP2,542-566,0.0755454,0.0731859,0.0661736,0.0619883,0.0502184,0.06542232
SDP3,562-586,0.0764732,0.0870293,0.089099,0.050444,0.0661262,0.0499695
SDP4,582-606,0.0557595,0.0532802,0.0577576,0.0610336,0.0473323,0.0563648
SDP5,602-626,0.0785266,0.0494132,0.0520895,0.0535288,0.0462786,0.0524138
SDP6,622-646,0.0541003,0.0665342,0.0584765,0.0560501,0.0623764,0.0641393
SDP7,642-666,0.0656532,0.0566003,0.0581885,0.0633518,0.0585596,0.058821
SDP8,662-686,0.0949095,0.0963692,0.100624,0.0824472,0.087332,0.09233638
SDP12,742-766,0.107548,0.0919949,0.0691299,0.0771181,0.0684239,0.08284296
SDP13,762-786,0.0760596,0.0701449,0.0761364,0.0801977,0.06396,0.062684
SDP14,782-806,0.0952517,0.0658204,0.0917303,0.0585637,0.0528169,0.0530757
SDP15,802-826,0.0671584,0.0657854,0.0551968,0.0627324,0.0549369,0.0541331
SDP16,822-846,0.0574736,0.0810897,0.0739719,0.0677083,0.0745185,0.0549896
SDP17,842-866,0.0834916,0.0564391,0.0568233,0.0572141,0.0707258,0.0540078
SDP18,862-886,0.0631794,0.0715229,0.0784229,0.0724845,0.0615911,0.0669032
SDP19,882-906,0.0558041,0.0583839,0.0593314,0.0541344,0.0517943,0.0482287
SDP20,902-926,0.0572424,0.0570752,0.0598691,0.0518917,0.0535958,0.0539105
