,,Patient01,Patient02,Patient03,Patient04,Patient05,Patient06,Patient07,Patient08,Patient09,Patient10,Patient11,Patient12,Patient13,Patient14,Patient15,Patient16,Patient17,Patient18,Patient19,Patient20,Patient21,Patient22,Patient23,Patient24,Patient25,Patient26,Patient27,Patient28,Patient29,Patient30,Patient31,Patient32,Patient33,Patient34,Patient35,Patient36,Patient37,Patient38,Patient39
SUP2,21-45,0.154,0.072,0.105,0.126,0.087,0.144,0.074,0.136,0.131,0.061,0.077,0.065,0.098,0.06,0.07,0.11,0.142,0.082,0.055,0.095,0.071,0.069,0.084,0.098,0.106,0.059,0.061,0.055,0.067,0.061,0.056,0.106,2.89,0.066,0.06,0.075,0.049,0.054,0.056
SUP3,41-65,0.121956,0.0576898,0.0687901,0.0848534,0.0555741,0.110509,0.0587612,0.103686,0.0826449,0.0611729,0.115887,0.0671215,0.116696,0.0952162,0.0708939,0.083289,0.0590245,0.0737297,0.0563441,0.0753528,0.0771739,0.0935334,0.100437,0.0711206,0.0700614,0.0653057,0.0671794,0.0598528,0.0756936,0.0659033,0.0887189,0.131003,0.0808419,0.0704274,0.0552137,0.0688103,0.0659864,0.0831429,0.066721
SUP4,61-85,0.123218,0.0855322,0.0825249,0.0790899,0.0624868,0.0943847,0.0567952,0.0963452,0.131867,0.0635062,0.0874483,0.0760277,0.0915736,0.0534414,0.0623599,0.080592,0.131867,0.0635062,0.0874483,0.0760277,0.0915736,0.0534414,0.0623599,0.080592,0.113617,0.0603177,0.0689763,0.0655748,0.0619943,0.0559812,0.0560212,0.146216,0.113617,0.0603177,0.0689763,0.0655748,0.0619943,0.0560212,0.146216
SUP5,81-105,0.104979,0.0854073,0.059953,0.0727073,0.0557168,0.101368,0.0627954,0.0653651,0.0957988,0.0533585,0.0739766,0.0544723,0.0877157,0.063654,0.0579116,0.0564512,0.056607,0.0828226,0.0489253,0.0664164,0.0560857,0.0538154,0.0805342,0.0618006,0.0713034,0.0533764,0.0523526,0.0685165,0.0559257,0.0519813,0.0583237,0.144278,0.0622592,0.0578201,0.0573117,0.0768819,0.0549278,0.0813463,0.0624427
SUP9,161-185,0.133517,0.128056,0.104275,0.0983782,0.0741522,0.149802,0.0635971,0.130039,0.162474,0.0730494,0.104331,0.0861369,0.0962953,0.0563214,0.059339,0.133412,0.162474,0.0730494,0.104331,0.0861369,0.0962953,0.0563214,0.059339,0.133412,0.0868815,0.0557258,0.0595515,0.0637056,0.054667,0.0485603,0.0487865,0.0940638,0.0667897,0.0580679,0.0530765,0.0601387,0.045644,0.0567023,0.0518133
SUP10,181-205,0.12613,0.0643561,0.0528298,0.0992362,0.0500904,0.143615,0.0632817,0.0728444,0.0702205,0.0489359,0.0816174,0.0620482,0.0836304,0.0475089,0.0552293,0.0666031,0.0878221,0.104321,0.0513509,0.0708959,0.0582336,0.0550799,0.0601099,0.0623755,0.0595945,0.0543701,0.064988,0.0567455,0.0555,0.0595297,0.071704,0.158242,0.0476097,0.0557187,0.0520178,0.0639483,0.0589731,0.071993,0.0869364
SUP11,201-225,0.102445,0.0684854,0.0656175,0.0654517,0.0609897,0.0905077,0.0572961,0.0812426,0.102445,0.0684854,0.0656175,0.0654517,0.0609897,0.0905077,0.0572961,0.0812426,0.0970374,0.0786845,0.0559521,0.0849524,0.0597882,0.0631593,0.0874795,0.0783058,0.0970374,0.0786845,0.0559521,0.0849524,0.0597882,0.0631593,0.0874795,0.0783058,0.0646287,0.0714151,0.0674688,0.0804009,0.0514976,0.061702,0.0574198
SUP12,221-245,0.218399,0.117595,0.0872887,0.120314,0.0804882,0.0857552,0.064195,0.174158,0.119982,0.0748574,0.0733531,0.0776536,0.0921271,0.06008,0.0623459,0.0829682,0.119982,0.0748574,0.0733531,0.0776536,0.0921271,0.06008,0.0623459,0.0829682,0.110686,0.0542591,0.0474005,0.0533887,0.0517124,0.0563898,0.0498118,0.109353,0.110686,0.0542591,0.0474005,0.0533887,0.0517124,0.0498118,0.109353
SUP13,241-265,0.0721966,0.06195,0.0691684,0.089751,0.0738511,0.0869628,0.0508626,0.0653267,0.0721966,0.06195,0.0691684,0.089751,0.0738511,0.0869628,0.0508626,0.0653267,0.103477,0.0758713,0.0473895,0.0982905,0.0767634,0.0722394,0.066676,0.0698961,0.103477,0.0758713,0.0473895,0.0982905,0.0767634,0.0722394,0.066676,0.0698961,0.0654315,0.065295,0.0599798,0.0785106,0.052255,0.0526735,0.0636383
SUP14,261-285,0.199978,0.127086,0.119806,0.182388,0.0851949,0.151628,0.0603798,0.155047,0.199978,0.127086,0.119806,0.182388,0.0851949,0.151628,0.0603798,0.155047,0.0949292,0.0619374,0.050146,0.0824207,0.0476837,0.0416329,0.0666195,0.0880391,0.0949292,0.0619374,0.050146,0.0824207,0.0476837,0.0416329,0.0666195,0.0880391,0.0949292,0.0619374,0.050146,0.0824207,0.0476837,0.0666195,0.0880391
SUP15,281-305,0.0817765,0.0669502,0.0567656,0.0748434,0.083054,0.0582817,0.0584351,0.138536,0.0832013,0.0686235,0.294896,0.0516412,0.0818462,0.0546562,0.055253,0.0935432,0.0832013,0.0686235,0.294896,0.0516412,0.0818462,0.0546562,0.055253,0.0935432,0.114584,0.0566498,0.0999253,0.0669919,0.0529846,0.0804725,0.0733484,0.0960315,0.0611889,0.060529,0.0621208,0.0663895,0.0681924,0.0609493,0.0639357
SUP16,301-325,0.172998,0.13231,0.126964,0.147342,0.107325,0.15079,0.0891873,0.138344,0.135975,0.111464,0.10802,0.141676,0.186987,0.0879868,0.0969313,0.15316,0.140415,0.113873,0.0786613,0.122662,0.108297,0.111759,0.125321,0.117578,0.121888,0.0907695,0.145898,0.110125,0.0981652,0.0891333,0.0812079,0.14709,0.0964752,0.0993345,0.0937165,0.110147,0.0687182,0.0768712,0.0791494
SUP17,321-341,0.0716307,0.0673255,0.0603255,0.0673963,0.064234,0.0997918,0.0562183,0.0935082,0.0635875,0.0598997,0.0722889,0.0634177,0.0791184,0.0580309,0.058626,0.0755659,0.0791002,0.0625819,0.0702691,0.0702408,0.0549367,0.0663167,0.0654809,0.0796008,0.0791002,0.0625819,0.0702691,0.0702408,0.0549367,0.0663167,0.0654809,0.0796008,0.0526067,0.0594284,0.064711,0.0658262,0.0477568,0.0592041,0.0536145
SRBD1,330-349,0.110744,0.172781,0.124482,0.12498,0.0722457,0.11142,0.0840933,0.154497,0.110744,0.172781,0.124482,0.12498,0.0722457,0.11142,0.0840933,0.154497,0.144518,0.0874978,0.0572382,0.0810448,0.0671184,0.0597544,0.0700428,0.0822592,0.104271,0.0592303,0.06109,0.059748,0.0553408,0.0548645,0.0521791,0.113299,0.0664086,0.0651194,0.0546502,0.0606334,0.0492035,0.0588353,0.0584453
SRBD2,345-364,0.123915,0.0865642,0.0714402,0.0848166,0.0618683,0.105498,0.0647642,0.121921,0.136886,0.069032,0.0746433,0.0777894,0.100229,0.0607203,0.0696753,0.136897,0.136886,0.069032,0.0746433,0.0777894,0.100229,0.0607203,0.0696753,0.136897,0.121055,0.0660664,0.0659568,0.080568,0.067335,0.0813895,0.0630911,0.121604,0.0844981,0.0925986,0.0720862,0.0931609,0.0792195,0.0630808,0.0640267
SRBD4,375-394,0.125115,0.115439,0.136359,0.149022,0.064604,0.0887267,0.0585617,0.0671531,0.125115,0.115439,0.136359,0.149022,0.064604,0.0887267,0.0585617,0.0671531,0.134772,0.163133,0.044774,0.0701616,0.19428,0.171041,0.16175,0.0809468,0.104692,0.0794207,0.056284,0.104675,0.051727,0.106922,0.0777749,0.105742,0.0653304,0.194102,0.121073,0.106014,0.0613456,0.0817294,0.0518473
SRBD5,390-409,0.0840967,0.0644107,0.108044,0.104132,0.154692,0.0927748,0.0866999,0.079366,0.0840967,0.0644107,0.108044,0.104132,0.154692,0.0927748,0.0866999,0.079366,0.106595,0.17339,0.0888044,0.0759834,0.247765,0.0686596,0.0812436,0.0859864,0.093353,0.0542244,0.0955413,0.082469,0.053791,0.0803986,0.0520086,0.137959,0.093353,0.0542244,0.0955413,0.082469,0.053791,0.0520086,0.137959
SRBD6,405-424,0.113091,0.093321,0.0805435,0.0829849,0.0699826,0.102965,0.0643531,0.106314,0.133957,0.0725142,0.0845394,0.0701942,0.0964324,0.0594602,0.0664727,0.0977222,0.136607,0.0937405,0.0602089,0.0917757,0.0774542,0.144597,0.0695595,0.0892288,0.0923468,0.0611606,0.0629598,0.05737,0.0537676,0.0560319,0.364508,0.0987022,0.0673344,0.0699582,0.0683179,0.0745522,0.0496016,0.0554739,0.0550218
SRBD7,420-439,0.0556072,0.0644811,0.0480121,0.0832009,0.0498854,0.0847402,0.0438949,0.0592118,0.073256,0.0535166,0.075737,0.0663541,0.0705901,0.0451433,0.0517558,0.0532865,0.0923532,0.0966962,0.0522107,0.0582017,0.0624144,0.0506938,0.0628595,0.0818054,0.0485302,0.0470652,0.0522505,0.0440068,0.0527134,0.047697,0.0481014,0.0836922,0.0543345,0.0550511,0.0619538,0.0696524,0.0501937,0.0570145,0.052151
SRBD8,435-454,0.0899012,0.0774535,0.071748,0.0680031,0.063822,0.0938891,0.0563304,0.0758946,0.0747069,0.0604906,0.0791636,0.0670682,0.0921656,0.0532493,0.0622376,0.0929223,0.129459,0.0898348,0.182579,0.100644,0.0629508,0.064309,0.0704488,0.086809,0.0882648,0.0607003,0.0674488,0.0616964,0.0585048,0.0530853,0.0506253,0.0999148,0.0642133,0.0814657,0.0740625,0.0944006,0.0476681,0.0582724,0.0523026
SRBD9,450-469,0.102008,0.0888059,0.0911489,0.0884076,0.0686822,0.0998729,0.0628531,0.114536,0.0890585,0.0609196,0.0808866,0.0605642,0.0945156,0.0515591,0.0591329,0.111148,0.131583,0.0902013,0.0502722,0.0825577,0.0597187,0.0588201,0.0693544,0.085634,0.0951287,0.0546084,0.0573579,0.0553447,0.0550411,0.0500411,0.0487692,0.100816,0.0588562,0.0648415,0.0577009,0.0654709,0.0465708,0.050076,0.0562195
SRBD10,465-484,0.0817788,0.0674138,0.0619385,0.0641486,0.0594754,0.0812762,0.0551776,0.0857621,0.087812,0.0535684,0.0687405,0.0605403,0.0809074,0.052557,0.056418,0.0893623,0.139213,0.0811257,0.0519315,0.0823968,0.0596271,0.0606674,0.0635509,0.0788358,0.0987677,0.0562582,0.0595844,0.0581101,0.0518304,0.0520281,0.0491293,0.111333,0.0767789,0.0714876,0.0641578,0.0784069,0.0503112,0.0533443,0.0611113
SRBD11,480-499,0.185794,0.141463,0.122379,0.178355,0.0770156,0.144035,0.0624451,0.156891,0.137669,0.0655673,0.100353,0.116588,0.123768,0.0636342,0.0696961,0.17331,0.165861,0.122612,0.0575597,0.0983215,0.0879759,0.0602185,0.114824,0.112496,0.107934,0.0609762,0.0715826,0.110783,0.0859943,0.0514535,0.0543034,0.122111,0.0622536,0.0796849,0.0679994,0.11565,0.0527799,0.0596325,0.0555992
SRBD12,495-514,0.122799,0.0904998,0.0897988,0.114683,0.066383,0.147795,0.0584858,0.102159,0.122588,0.0583085,0.0990971,0.108849,0.180899,0.0673855,0.063496,0.112003,0.13483,0.106102,0.0799369,0.125926,0.101637,0.0689792,0.0732774,0.0988676,0.101927,0.0609025,0.0665825,0.0856367,0.0714052,0.0526835,0.0549549,0.114983,0.0623454,0.0775541,0.066958,0.096617,0.0489564,0.0656544,0.0563298
SRBD13,510-521,0.110301,0.0510989,0.0629363,0.0600946,0.0594068,0.103695,0.0491343,0.0614079,0.0906787,0.0542489,0.0602087,0.0501448,0.06309,0.0457321,0.0488235,0.0562638,0.0953653,0.0615639,0.0457707,0.0566861,0.0526234,0.0465035,0.0820814,0.0714668,0.084516,0.0517594,0.0572203,0.0493756,0.0549521,0.0450176,0.0556159,0.0945152,0.0894897,0.080806,0.0796777,0.0680581,0.0529339,0.0788926,0.0708235
SDP1,522-546,0.134968,0.0993069,0.101816,0.11134,0.130649,0.137916,0.0948824,0.0856737,0.135406,0.171916,0.105893,0.124286,0.126716,0.0820691,0.115625,0.121735,0.156866,0.149755,0.0971904,0.0923919,0.57433,0.129109,0.127317,0.0972047,0.0904132,0.0930485,0.282847,0.0897962,0.0957758,0.0762602,0.259865,0.152998,0.0887481,0.168514,0.0948925,0.136872,0.0597954,0.0879389,0.116864
SDP2,542-566,0.0725199,0.0831392,0.0561345,0.103187,0.047197,0.110973,0.0499625,0.070953,0.0673928,0.0601641,0.12113,0.0734663,0.103593,0.0609532,0.0647699,0.0688344,0.122181,0.08245,0.051944,0.0934205,0.0961499,0.0695069,0.0891393,0.0659132,0.160292,0.0634945,0.0759833,0.0791375,0.208506,0.0499268,0.0657134,0.129391,0.0762512,0.857419,0.685512,0.71881,0.053893,0.0677531,0.0600727
SDP3,562-586,0.0740892,0.242748,0.28926,0.316368,0.302669,0.299444,0.178645,0.0701859,0.0663133,0.280838,0.311235,0.305353,0.335846,0.272652,0.233559,0.0715299,0.0959074,0.401329,0.284024,0.323337,0.284046,0.245642,0.228837,0.0774026,0.0899433,0.262767,0.269689,0.289575,0.281341,0.243356,0.337489,0.133872,0.0783945,0.264579,0.260835,0.274401,0.135186,0.05571,0.0423224
SDP4,582-606,0.0732417,0.053326,0.0604625,0.0923318,0.0472312,0.0903799,0.0449507,0.0536638,0.0640472,0.0509969,0.0791225,0.0560117,0.104566,0.0538455,0.0686384,0.0668584,0.0976046,0.0800794,0.0514765,0.0780513,0.0689563,0.066584,0.0745652,0.0558103,0.0812397,0.0534096,0.0581834,0.0748776,0.0718245,0.0705887,0.0561034,0.118429,0.0548977,0.0567321,0.0563876,0.0732245,0.053816,0.0596237,0.0783363
SDP5,602-626,0.0853227,0.0575546,0.0512238,0.0803061,0.0580508,0.0700855,0.0435557,0.0618798,0.0700147,0.0504255,0.0844991,0.0824969,0.117745,0.0427192,0.075289,0.0531042,0.110226,0.0634308,0.0447718,0.0649782,0.0569827,0.0508318,0.0848111,0.0644215,0.0662774,0.0526571,0.0611918,0.0611153,0.0558739,0.0501888,0.0649664,0.122987,0.0525362,0.0759266,0.0627486,0.0606348,0.0484023,0.0532989,0.0719609
SDP6,622-646,0.0577434,0.0557215,0.0554278,0.108992,0.0589622,0.10114,0.0600592,0.0644032,0.0832082,0.0604693,0.0818556,0.0782164,0.156308,0.0569503,0.0674805,0.102134,0.124013,0.138235,0.0548662,0.0803697,0.0886979,0.0603155,0.107796,0.0980603,0.0692182,0.0663506,0.0576918,0.0608459,0.0633161,0.0577259,0.063385,0.158707,0.0748382,0.0739116,0.0694378,0.0891109,0.0759543,0.0747911,0.107101
SDP7,642-666,0.0989137,0.0647701,0.0465177,0.0872422,0.0699158,0.10167,0.0509762,0.0634089,0.0794498,0.0566661,0.0537023,0.0493372,0.0923734,0.0638859,0.0644355,0.0690446,0.114794,0.0553477,0.0486021,0.0485739,0.0843736,0.0574608,0.111124,0.0665687,0.0649017,0.0508435,0.0499343,0.0515705,0.0749027,0.0620548,0.0581777,0.153588,0.0577749,0.0548098,0.0506174,0.0764205,0.0536306,0.0754997,0.100067
SDP8,662-686,0.11418,0.103917,0.126406,0.147296,0.118871,0.102508,0.092357,0.0906388,0.124874,0.188801,0.146811,0.0998258,0.194465,0.0963647,0.123469,0.125246,0.168479,0.205321,0.0954196,0.103492,0.111872,0.123985,0.110396,0.0939056,0.135514,0.106882,0.230795,0.100516,0.0905473,0.0634439,0.092259,0.134109,0.163869,0.168749,0.0996641,0.139568,0.0720489,0.104058,0.102717
SDP12,742-766,0.109979,0.0783576,0.103374,0.150976,0.0902021,0.0748151,0.0570015,0.0591059,0.0946029,0.100166,0.156735,0.0716703,0.120842,0.0717511,0.0764003,0.0980112,0.0643908,0.156829,0.0609222,0.143101,0.111595,0.057027,0.19807,0.104125,0.105137,0.0553054,0.0791013,0.101104,0.0951228,0.0884719,0.112628,0.114961,0.0591425,0.114276,0.0818332,0.128373,0.110459,0.106715,0.0782747
SDP13,762-786,0.10943,0.0797304,0.0825759,0.0877517,0.0483368,0.0896369,0.051891,0.0963483,0.111857,0.0738065,0.13247,0.0772801,0.133746,0.058765,0.0782626,0.0980209,0.141681,0.195346,0.108891,0.100822,0.0788286,0.0763237,0.130099,0.114406,0.103844,0.0856286,0.0825459,0.0966714,0.0784073,0.0799261,0.0766446,0.159393,0.0795357,0.0859419,0.0657192,0.0899663,0.0609612,0.0795603,0.0777738
SDP14,782-806,0.098187,0.0729178,0.0619568,0.101305,0.0516704,0.0626106,0.0470153,0.0725052,0.0922462,0.0704853,0.17917,0.0711093,0.121182,0.0512321,0.0811952,0.0636946,0.126258,0.140881,0.0569939,0.087479,0.0767428,0.0607611,0.0913035,0.094413,0.0804353,0.0634623,0.0733436,0.103718,0.083139,0.0508764,0.117806,0.208168,0.071028,0.181461,0.145529,0.190254,0.0550704,0.0927056,0.0807151
SDP15,802-826,0.0629569,0.0450377,0.0749428,0.0907115,0.0453505,0.0834163,0.0406441,0.0569281,0.0657061,0.0516092,0.103896,0.060147,0.0868793,0.0475029,0.0571067,0.0557928,0.0870471,0.106265,0.0509088,0.0579222,0.0491168,0.0557277,0.0689971,0.0929938,0.0710019,0.0584371,0.0648141,0.0593713,0.0525501,0.0516267,0.0485631,0.122944,0.0534137,0.0682917,0.0494194,0.0715278,0.0512682,0.0568995,0.0721516
SDP16,822-846,0.0652942,0.0504058,0.0548544,0.116686,0.0535112,0.0962911,0.0965212,0.0465265,0.0699279,0.0534033,0.117691,0.0618467,0.0931509,0.0426687,0.0440601,0.0583989,0.10216,0.0929288,0.0418192,0.0669462,0.0547112,0.0458521,0.0678603,0.0861442,0.0832547,0.0615458,0.0583341,0.0536149,0.0700802,0.0627202,0.0587011,0.142048,0.0653927,0.0781498,0.0616782,0.0890178,0.0668799,0.0795486,0.0739951
SDP17,842-866,0.101856,0.0812615,0.0733249,0.151101,0.0730651,0.174788,0.0678139,0.0775968,0.0868544,0.0585503,0.137109,0.0850584,0.140161,0.0576738,0.0740638,0.115567,0.118944,0.11355,0.0486391,0.0760357,0.0796707,0.071095,0.0914832,0.0878552,0.0803379,0.0627364,0.0784951,0.0942704,0.062776,0.0650501,0.0639587,0.188585,0.0712793,0.0927631,0.0786901,0.111149,0.0599919,0.0666456,0.0931672
SDP18,862-886,0.0874169,0.0535824,0.0713481,0.115199,0.0630543,0.0984918,0.0700067,0.0740444,0.0961556,0.0569875,0.0879068,0.107157,0.128597,0.0524002,0.0638454,0.0854537,0.109677,0.119137,0.058898,0.0732364,0.0827906,0.0545044,0.101164,0.0867994,0.0959352,0.0692654,0.0749279,0.108453,0.0769461,0.0576985,0.0661262,0.15683,0.0639542,0.0736774,0.0872408,0.12778,0.0718975,0.0696115,0.0799861
SDP19,882-906,0.0718258,0.0605542,0.0669456,0.0834728,0.0494507,0.0930231,0.0460164,0.0573587,0.0656856,0.0538107,0.0653498,0.054895,0.0865162,0.0529798,0.0542125,0.0653498,0.105174,0.0620602,0.0502172,0.0612234,0.0630541,0.0534273,0.0921511,0.0923017,0.068972,0.0579793,0.0574531,0.0702694,0.0597546,0.0515072,0.0574573,0.12037,0.0501983,0.057508,0.0675943,0.0749461,0.0472971,0.0495684,0.0688441
SDP20,902-926,0.104128,0.0500047,0.0535089,0.110698,0.0541708,0.0848552,0.0438482,0.0600943,0.0688688,0.0497578,0.10805,0.0740604,0.100142,0.0464199,0.0689272,0.0664621,0.111355,0.145953,0.061861,0.0734768,0.0569773,0.066783,0.100331,0.115919,0.0681084,0.060983,0.0911452,0.0785795,0.0644886,0.0604297,0.0739613,0.226551,0.0618458,0.0870803,0.076975,0.0912234,0.0532269,0.0637698,0.0779532
